{"Precision": 0.9411764705882353, "Recall": 0.9552238805970149, "Accuracy": 0.9385964912280702, "Average Accuracy": 0.9401515151515152}