{"Precision": 0.875, "Recall": 0.9402985074626866, "Accuracy": 0.8859649122807017, "Average Accuracy": 0.9303030303030303}